{
  "Author": "eri.yuki",
  "Name": "Savage Aim",
  "InternalName": "SavageAimPlugin",
  "AssemblyVersion": "2025.8.12.0",
  "Description": "Report your current gear in game to SavageAim.com. /sa to use.",
  "ApplicableVersion": "any",
  "RepoUrl": "https://github.com/SavageAim/plugin",
  "Tags": [
    "savageaim.com",
    "bis",
    "gear"
  ],
  "DalamudApiLevel": 13,
  "LoadRequiredState": 0,
  "LoadSync": false,
  "CanUnloadAsync": false,
  "LoadPriority": 0,
  "IconUrl": "https://github.com/SavageAim/plugin/raw/master/images/icon.png",
  "Punchline": "Report your current gear in game to SavageAim.com",
  "Changelog": "# 2025.8.12.0\n- Updated plugin to work again! :D If there are any issues please let me know!",
  "AcceptsFeedback": true
}