{
  "Author": "eri.yuki",
  "Name": "Savage Aim",
  "InternalName": "SavageAimPlugin",
  "AssemblyVersion": "2024.10.22.0",
  "Description": "Report your current gear in game to SavageAim.com. /sa to use.",
  "ApplicableVersion": "any",
  "RepoUrl": "https://github.com/SavageAim/plugin",
  "Tags": [
    "savageaim.com",
    "bis",
    "gear"
  ],
  "DalamudApiLevel": 10,
  "LoadRequiredState": 0,
  "LoadSync": false,
  "CanUnloadAsync": false,
  "LoadPriority": 0,
  "IconUrl": "https://github.com/SavageAim/plugin/raw/master/images/icon.png",
  "Punchline": "Report your current gear in game to SavageAim.com",
  "Changelog": "# 2024.10.22.0\n- Fixed an issue where saving BIS Lists using the plugin would clear their associated URLs.",
  "AcceptsFeedback": true
}